{"cameraMode":{"drawMode":0,"name":"Shaded","section":"Shading Mode"},"sceneLighting":true,"audioPlay":false,"sceneViewState":{"m_AlwaysRefresh":false,"showFog":true,"showSkybox":true,"showFlares":true,"showImageEffects":true,"showParticleSystems":true,"showVisualEffectGraphs":true,"m_FxEnabled":true},"in2DMode":false,"pivot":{"x":0.25699400901794436,"y":-0.19800563156604768,"z":0.30803972482681277},"rotation":{"x":-0.0013276463141664863,"y":-0.6720107793807983,"z":0.0012230518041178585,"w":-0.7406136989593506},"size":0.03182924538850784,"orthographic":false}